{
  "users": [
    {
      "id": "1",
      "name": "최규찬",
      "profilePicture": "https://img3.daumcdn.net/thumb/R658x0.q70/?fname=https://t1.daumcdn.net/news/202203/30/sportskhan/20220330171600461ppis.jpg",
      "income_goal": 50000,
      "expense_goal": 30000
    }
  ],
  "income": [
    {
      "date": "2024-06-03",
      "amount": 500000,
      "description": "월급",
      "id": "a219"
    },
    {
      "date": "2024-06-01",
      "amount": 300000,
      "description": "용돈",
      "id": "e67d"
    },
    {
      "id": "9cfd",
      "date": "2024-06-27",
      "description": "ㅇㅁㄴㅇ",
      "amount": 3000
    },
    {
      "id": "418e",
      "date": "2024-06-29",
      "description": "용돈",
      "amount": 10000
    },
    {
      "id": "88c7",
      "date": "2024-06-25",
      "description": "테스트1",
      "amount": 1000
    },
    {
      "id": "71f9",
      "date": "2024-06-28",
      "description": "테스트2",
      "amount": 10000
    },
    {
      "id": "bee6",
      "date": "2024-06-29",
      "description": "텟츠",
      "amount": 1000000
    },
    {
      "id": "bca2",
      "date": "2024-06-30",
      "description": "식비",
      "amount": 10010
    },
    {
      "id": "8ee0",
      "date": "2024-06-12",
      "description": "ㅇㄴㅁㅇㅁㄴ",
      "amount": 1000
    },
    {
      "id": "f2e9",
      "date": "2024-06-13",
      "description": "플리즈",
      "amount": 5000
    }
  ],
  "expenses": [
    {
      "date": "2024-06-03",
      "amount": 34000,
      "category": "식비",
      "description": "배민-닭발",
      "id": "5ae4"
    },
    {
      "date": "2024-06-03",
      "amount": 100000,
      "category": "적금",
      "description": "주택청약",
      "id": "fd30"
    },
    {
      "date": "2024-06-04",
      "amount": 5500,
      "category": "식비",
      "description": "세종대 학식",
      "id": "9e10"
    },
    {
      "date": "2024-06-04",
      "amount": 45000,
      "category": "식비",
      "description": "마왕족발",
      "id": "88bc"
    },
    {
      "date": "2024-06-05",
      "amount": 6000,
      "category": "식비",
      "description": "세종대 학식",
      "id": "bebe"
    },
    {
      "date": "2024-06-07",
      "amount": 18000,
      "category": "식비",
      "description": "은혜즉석떡볶이",
      "id": "75a6"
    },
    {
      "date": "2024-06-07",
      "amount": 36000,
      "category": "쇼핑",
      "description": "아트박스-생일선물",
      "id": "bfd2"
    },
    {
      "date": "2024-06-08",
      "amount": 25000,
      "category": "쇼핑",
      "description": "다이소-이것저것",
      "id": "f40c"
    },
    {
      "date": "2024-06-10",
      "amount": 62000,
      "category": "교통비",
      "description": "기후동행카드 충전",
      "id": "d1b8"
    },
    {
      "date": "2024-06-10",
      "amount": 40000,
      "category": "식비",
      "description": "신사골 감자탕",
      "id": "b03c"
    },
    {
      "date": "2024-06-11",
      "amount": 76000,
      "category": "식비",
      "description": "홈플러스 장보기",
      "id": "d3aa"
    },
    {
      "id": "6c08",
      "date": "2024-06-30",
      "category": "식비",
      "description": "테스트",
      "amount": 10000
    },
    {
      "id": "a2ab",
      "date": "2024-06-30",
      "category": "소비",
      "description": "식비양",
      "amount": 1000
    },
    {
      "id": "2027",
      "date": "2024-06-12",
      "category": "소비",
      "description": "돼라",
      "amount": 4000
    },
    {
      "id": "e5f2",
      "date": "2024-06-04",
      "category": "식비",
      "description": "플리즈",
      "amount": 5000
    }
  ]
}